X,Y,FID,Rotation,Direction,Volume,Label,Year,Neighbourh
-13729244.3411453,6175320.7242726,1,90.0006198368,Both,450,450(92),1992,Gonzales
-13729130.9271546,6175344.58363402,2,310.7994821847,Both,1850,1850(92),1992,Gonzales
-13729224.1953986,6175515.21366232,3,33.2111939666,Both,2450,2450(92),1992,Gonzales
-13728672.1055801,6175791.25240083,4,294.7904735803,Both,1588,1588(06),2006,Gonzales
-13728253.0429764,6176306.24574842,5,331.9441808465,Left,1380,1380(05),2005,Gonzales
-13728116.1522225,6176145.09994947,6,328.0392522482,Right,1379,1379(05),2005,Gonzales
-13729168.1225054,6176036.08440908,7,89.169740459,Both,650,650(92),1992,Gonzales
-13729519.7181844,6175770.51178343,8,23.7135929717,Right,3900,3900(90),1990,Gonzales
-13729898.3033992,6175678.12366481,9,348.6737813021,Right,4869,4869(97),1997,Fairfield
-13730036.5795444,6175769.73471002,10,349.3287086769,Left,4809,4809(97),1997,Fairfield
-13729711.3113883,6175764.06515588,11,25.9143529639,Left,3950,3950(90),1990,Gonzales
-13730352.5597934,6175356.52102054,12,19.3582918701,Left,2456,2456(97),1997,Fairfield
-13730180.7306459,6175334.98964986,13,18.4637070697,Right,4398,4398(97),1997,Fairfield
-13730638.1303374,6175791.20123407,14,312.0251419908,Right,5080,5080(97),1997,Fairfield
-13730687.7065313,6175946.82529162,15,311.7020362248,Left,4128,4128(97),1997,Fairfield
-13730589.1300542,6175940.35178634,16,311.7258559811,Both,370,370(87),1987,Fairfield
-13730708.8338934,6176020.02586238,17,42.4176028582,Both,450,450(87),1987,Fairfield
-13730703.8891937,6176169.22255438,18,312.0783825792,Both,280,280(87),1987,Fairfield
-13730780.5404851,6176353.23571838,19,79.4063149841,Both,100,100(81),1981,Fairfield
-13730648.9573935,6176298.65038,20,81.0654786855,Both,589,589(15),2015,Fairfield
-13731202.8330508,6175968.51929496,21,80.0219651978,Both,2050,2050(91),1991,Fairfield
-13730205.2066355,6176117.9882951,22,359.1942342812,Both,200,200(82),1982,Fairfield
-13730162.2053675,6176236.39506207,23,88.1316801108,Both,280,280(82),1982,Fairfield
-13729883.373434,6176344.32703736,24,3.7762737829,Right,1460,1460(90),1990,Fairfield
-13729904.6607931,6176420.49565558,25,273.9635937421,Right,1670,1670(91),1991,Rockland
-13729846.412216,6176542.62995388,26,273.9271501886,Left,2000,2000(91),1991,Rockland
-13730030.3728077,6176398.56095846,27,4.105969536,Left,1830,1830(90),1990,Rockland
-13729435.450239,6176546.16239554,28,24.1967673961,Left,2614,2614(15),2015,Rockland
-13729263.0172565,6176542.58502072,29,24.4990097845,Right,2078,2078(15),2015,Gonzales
-13729208.9034085,6176781.66133347,30,287.1142123226,Left,1886,1886(09),2009,Gonzales
-13729126.3295857,6176676.25215779,31,50.3900143302,Left,1600,1600(75),1975,Gonzales
-13728964.3440477,6176764.95160451,32,53.7727285807,Right,2190,2190(75),1975,Gonzales
-13728591.3974569,6176975.22183272,33,19.2504512557,Right,1570,1570(93),1993,Gonzales
-13728687.7101877,6177012.10268026,34,19.1284290223,Left,1370,1370(93),1993,Gonzales
-13728472.5359973,6177102.28437763,35,0.0006198368,Left,2731,2731(96),1996,Gonzales
-13728314.9466668,6177031.55571826,36,0.0006198368,Right,2575,2575(96),1996,Gonzales
-13728314.109627,6177498.46679129,37,0.0006198368,Both,900,900(92),1992,Gonzales
-13729090.5699248,6177844.76908242,38,91.885375401,Left,4297,4297(97),1997,Rockland
-13729020.3594865,6178003.30339105,39,90.2659797759,Right,4067,4067(97),1997,Gonzales
-13729074.985379,6177494.0434241,40,91.885375401,Left,2672,2672(09),2009,Rockland
-13729015.4734517,6177652.52463682,41,90.2659797759,Right,2416,2416(09),2009,Gonzales
-13729026.2121603,6178349.4621484,42,90.2659797759,Right,4300,4300(89),1989,South Jubilee
-13729099.1110763,6178193.59033058,43,91.885375401,Left,4830,4830(89),1989,South Jubilee
-13729004.5535645,6178392.22211461,44,0.0006198368,Both,1030,1030(91),1991,South Jubilee
-13728789.5074152,6178260.53189228,45,90.0006198368,Both,380,380(91),1991,South Jubilee
-13728945.3397158,6178724.99643764,46,39.6891057568,Left,10597,10597(97),1997,North Jubilee
-13728780.0143488,6178772.57805903,47,41.9980819428,Right,12461,12461(97),1997,South Jubilee
-13728937.2721216,6178538.05876322,48,90.0006198368,Both,900,900(91),1991,South Jubilee
-13729715.7569218,6178226.89195809,49,41.8790743043,Left,9822,9822(91),1991,North Jubilee
-13729533.6719732,6178272.89756875,50,42.3422681133,Right,9821,9821(97),1997,South Jubilee
-13729505.8794515,6178136.70856095,51,358.8292639908,Left,7700,7700(92),1992,South Jubilee
-13729360.1382278,6178069.9948939,52,358.1408577941,Right,6260,6260(92),1992,Rockland
-13730095.7374275,6177972.11238528,53,32.1316322118,Left,8670,8670(91),1991,Fernwood
-13729919.3842347,6177991.70509316,54,30.3756894447,Right,10300,10300(91),1991,Rockland
-13730057.546078,6177553.48627061,55,90.0006198368,Both,2307,2307(10),2010,Rockland
-13729886.4746595,6177078.24121717,56,23.6696072834,Both,2610,2610(92),1992,Rockland
-13730475.0789927,6177490.44816215,57,286.4286488227,Both,890,890(90),1990,Rockland
-13730602.9771567,6177660.66545385,58,27.6729922985,Right,10100,10100(90),1990,Rockland
-13730757.3175036,6177815.58776028,59,345.3295055111,Left,11240,11240(89),1989,Fernwood
-13730778.5213929,6177888.72252546,60,354.5502393514,Right,11560,11560(90),1990,Fernwood
-13730568.943588,6177907.16798125,61,3.3912864141,Right,10370,10370(89),1989,Fernwood
-13730712.1236792,6178043.15385857,62,88.3940265788,Both,4360,4360(91),1991,Fernwood
-13730731.2161783,6178193.40364052,63,357.8988383052,Left,13500,13500(81),1981,Fernwood
-13730420.7405669,6178177.65035181,64,354.5321982261,Left,7300,7300(89),1989,Fernwood
-13730408.5593615,6178252.30978093,65,27.4428086203,Left,5520,5520(89),1989,Fernwood
-13730281.8110159,6178283.82549894,66,30.0880197077,Right,5050,5050(89),1989,Fernwood
-13730284.1863879,6178100.89353495,67,353.0080344669,Right,6860,6860(89),1989,Fernwood
-13729783.686804,6178505.71735156,68,27.6498678157,Right,5800,5800(91),1991,North Jubilee
-13729961.332862,6178484.58622723,69,27.4428086203,Left,6210,6210(91),1991,Fernwood
-13730082.2661903,6178526.00466122,70,87.0638515856,Both,840,840(91),1991,Fernwood
-13729656.6644787,6178644.26335897,71,28.5473872922,Left,5079,5079(16),2016,Fernwood
-13729445.7351633,6178693.25847194,72,28.8645904255,Right,4534,4534(16),2016,North Jubilee
-13729639.2116643,6178881.85206066,73,89.1233795779,Right,190,190(89),1989,Fernwood
-13729724.156128,6178861.78256415,74,357.9024994431,Right,260,260(89),1989,Fernwood
-13729828.6480203,6178921.79296001,75,357.8350252766,Left,180,180(89),1989,Fernwood
-13729707.740126,6178751.63371839,76,88.0765092549,Left,190,190(89),1989,Fernwood
-13728960.882304,6178969.55398288,77,82.1297690708,Right,7360,7360(89),1989,North Jubilee
-13728917.5669499,6179258.48233071,78,82.1297690708,Right,8180,8180(81),1981,North Jubilee
-13729047.7467569,6178826.61988418,79,81.0667261743,Left,8630,8630(89),1989,North Jubilee
-13729001.7691561,6179117.53012022,80,81.0667261743,Left,7830,7830(81),1981,North Jubilee
-13729712.564792,6179345.54293644,81,355.8745758812,Right,5520,5520(92),1992,Fernwood
-13729864.9191789,6179421.33188587,82,355.4883208669,Left,4500,4500(92),1992,Fernwood
-13729476.8355656,6179397.0140707,83,89.3037887956,Left,8500,8500(81),1981,Fernwood
-13729403.2071198,6179560.41908617,84,88.0006198368,Right,8870,8870(81),1981,North Jubilee
-13729395.3211428,6179941.02116907,85,88.0006198368,Right,6510,6510(89),1989,North Jubilee
-13729392.4027303,6180273.1849505,86,88.0006198368,Right,8950,8950(91),1991,North Jubilee
-13729474.2420276,6179785.84365201,87,88.0006198368,Left,6240,6240(89),1989,Oaklands
-13729460.6872517,6180122.71332913,88,88.0006198368,Left,9680,9680(91),1991,Oaklands
-13729550.8968253,6180197.55959279,89,88.0006198368,Both,1090,1090(91),1991,Oaklands
-13729500.0409547,6180342.14480647,90,358.4037445033,Both,670,670(91),1991,Oaklands
-13729001.5035632,6179979.74378598,91,358.2183392254,Right,570,570(91),1991,North Jubilee
-13729145.3509794,6180050.71041253,92,358.3762555654,Left,482,482(91),1991,North Jubilee
-13728961.3099556,6179435.26466245,93,79.9163056758,Left,5500,5500(80),1980,North Jubilee
-13728848.2311748,6179546.79366537,94,81.2077172718,Right,5530,5530(80),1980,North Jubilee
-13730131.4112202,6179759.3493537,95,358.5006198368,Left,1840,1840(92),1992,Oaklands
-13729972.3541692,6179687.2750866,96,358.5006198368,Right,1330,1330(92),1992,Fernwood
-13730011.9860169,6179877.0584751,97,89.0006198368,Both,430,430(91),1991,Oaklands
-13730149.8963475,6179885.19267269,98,89.0006198368,Both,900,900(91),1991,Oaklands
-13729809.2550975,6180209.54408774,99,89.0006198368,Both,409,409(91),1991,Oaklands
-13730059.1383879,6180475.28777906,100,89.0006198368,Both,1190,1190(91),1991,Oaklands
-13730408.9127295,6180436.97514106,101,359.5006198368,Both,1130,1130(91),1991,Oaklands
-13730470.1786436,6180726.95881334,102,30.6613199033,Left,9870,9870(80),1980,Oaklands
-13730290.6616546,6180742.86462749,103,31.1396666483,Right,9200,9200(80),1980,Oaklands
-13730183.7393547,6181005.3066144,104,28.3465801828,Both,360,360(91),1991,Oaklands
-13729972.8669768,6180969.47392932,105,296.7171181253,Right,2806,2806(12),2012,Oaklands
-13730020.0167713,6181214.31435032,106,298.253856163,Left,2445,2445(12),2012,Oaklands
-13729863.762491,6181097.8119181,107,29.7573469433,Left,9300,9300(92),1992,Oaklands
-13729688.4112847,6181109.53712111,108,30.6576198981,Right,8910,8910(92),1992,Oaklands
-13729801.2042727,6180958.53921753,109,30.4330195724,Both,910,910(91),1991,Oaklands
-13729491.3015602,6180739.40963757,110,359.5006198368,Both,420,420(91),1991,Oaklands
-13729451.7670511,6180478.84642985,111,89.0006198368,Left,9830,9830(91),1991,Oaklands
-13729384.3382304,6180639.16983371,112,89.0006198368,Right,9020,9020(91),1991,North Jubilee
-13729441.2865631,6181064.95468948,113,89.0006198368,Left,8158,8158(14),2014,Oaklands
-13729370.2858058,6181220.87334482,114,89.0006198368,Right,7193,7193(14),2014,North Jubilee
-13729701.268427,6181748.31485432,115,359.5006198368,Left,6300,6300(92),1992,Oaklands
-13729543.2001066,6181710.39529178,116,359.5006198368,Right,6610,6610(92),1992,Oaklands
-13730697.820389,6181560.68998746,117,69.1499335443,Left,5300,5300(92),1992,Oaklands
-13730584.5647046,6181695.59250821,118,71.7394404238,Right,4320,4320(92),1992,Oaklands
-13730782.4937393,6181807.29922437,119,359.5006198368,Left,8830,8830(92),1992,Oaklands
-13730641.2144545,6181740.50260728,120,359.5006198368,Right,8730,8730(92),1992,Oaklands
-13731178.6348755,6181718.91576115,121,10.5093823333,Left,8050,8050(85),1985,Oaklands
-13731003.1338683,6181674.9779192,122,10.7444008487,Right,8270,8270(85),1985,Oaklands
-13731495.9112112,6181650.94967843,123,11.0961693963,Left,6640,6640(92),1992,Hillside/Quadra
-13731323.8806411,6181614.93457816,124,10.666482057,Right,6820,6820(92),1992,Hillside/Quadra
-13731120.8862667,6181162.28612858,125,98.4055596116,Right,5980,5980(93),1993,Oaklands
-13731165.413809,6180987.05670864,126,99.1542567564,Left,7150,7150(93),1993,Hillside/Quadra
-13731002.1339375,6180969.76628655,127,50.5702054045,Right,5020,5020(91),1991,Oaklands
-13731092.7278296,6180949.05421908,128,51.0345748785,Left,3750,3750(91),1991,Oaklands
-13730926.1735483,6180913.20860551,129,320.4042577637,Left,1860,1860(93),1993,Oaklands
-13730849.9444503,6180774.51387114,130,317.7308526301,Right,1930,1930(93),1993,Oaklands
-13730721.6090504,6180519.50195248,131,0.6514334137,Right,10530,10530(89),1989,Oaklands
-13730906.1657157,6180591.34061357,132,0.4986425171,Left,10310,10310(89),1989,Oaklands
-13730586.585432,6180552.54223027,133,70.9879989268,Right,3050,3050(92),1992,Oaklands
-13730689.8583894,6180424.33344132,134,74.740017331,Left,3560,3560(92),1992,Oaklands
-13731547.5299654,6180577.02138737,135,10.7035260317,Both,250,250(91),1991,Hillside/Quadra
-13731685.49752,6180204.53496759,136,100.4263055651,Both,600,600(92),1992,Hillside/Quadra
-13732002.5027587,6180368.41685523,137,10.4241362954,Left,8522,8522(12),2012,Hillside/Quadra
-13731820.9130359,6180323.71275579,138,10.4146453051,Right,8268,8268(12),2012,Hillside/Quadra
-13732230.8617633,6180207.08965202,139,101.0019796899,Right,9130,9130(89),1989,Hillside/Quadra
-13732272.8707203,6180034.67913979,140,100.2522537519,Left,8960,8960(89),1989,Hillside/Quadra
-13732637.1783882,6180243.52533093,141,10.8487184943,Left,12100,12100(93),1993,Hillside/Quadra
-13732444.9119648,6180194.81104928,142,10.8017150577,Right,13830,13830(93),1993,Hillside/Quadra
-13732134.6390449,6180133.31873162,143,99.8545120324,Both,2440,2440(89),1989,Hillside/Quadra
-13731840.4025113,6179985.43216351,144,11.0791204439,Both,1270,1270(92),1992,Hillside/Quadra
-13731980.170767,6179780.58785964,145,100.4682082755,Both,633,633(92),1992,Hillside/Quadra
-13731847.5650958,6179787.33143422,146,100.5108844569,Both,650,650(92),1992,Hillside/Quadra
-13732169.5027289,6179617.08766037,147,354.8340818031,Left,9970,9970(91),1991,Hillside/Quadra
-13731768.0723229,6179580.35979943,148,355.3916933152,Left,9000,9000(92),1992,Hillside/Quadra
-13731981.1851448,6179533.76055295,149,355.238763659,Right,8920,8920(91),1991,North Park
-13731613.1648371,6179501.29965996,150,354.9142648214,Right,9200,9200(92),1992,North Park
-13731881.5267733,6179396.11430064,151,84.8813908039,Both,1130,1130(92),1992,North Park
-13731591.118557,6179104.71134804,152,84.6812280856,Left,8720,8720(16),2016,North Park
-13731505.8049459,6179271.54758985,153,84.3738936873,Right,9326,9326(16),2016,Fernwood
-13731615.8828179,6179881.14591025,154,101.0371347233,Both,2580,2580(91),1991,Hillside/Quadra
-13731712.102982,6179730.1646638,155,100.3908124076,Left,590,590(92),1992,Hillside/Quadra
-13731665.630819,6179870.69774312,156,99.3876496517,Right,250,250(92),1992,Hillside/Quadra
-13731437.6697595,6180065.32869107,157,85.9375737638,Right,9161,9161(16),2016,Oaklands
-13731523.5870282,6179900.37093599,158,86.6609071121,Left,8649,8649(16),2016,Hillside/Quadra
-13731707.5551178,6180080.19552193,159,10.278816187,Both,2770,2770(91),1991,Hillside/Quadra
-13730916.9132004,6179856.13730552,160,71.6504729308,Left,449,449(06),2006,Oaklands
-13730804.5387312,6179974.55762918,161,71.1079358094,Right,394,394(06),2006,Oaklands
-13731044.8942929,6179778.90170646,162,358.763058842,Left,943,943(11),2011,Oaklands
-13730903.626542,6179707.69463858,163,358.8424215429,Right,1188,1188(11),2011,Fernwood
-13731171.4366853,6179528.05691187,164,353.0474976153,Left,8529,8529(15),2015,Fernwood
-13731014.872811,6179442.05148439,165,355.0840778971,Right,8324,8324(15),2015,Fernwood
-13730704.1076527,6179413.66420939,166,355.0840778971,Right,6570,6570(92),1992,Fernwood
-13730859.8780674,6179492.13209913,167,355.4917492822,Left,6090,6090(92),1992,Fernwood
-13730744.4478,6179176.51721029,168,87.6071407298,Left,2078,2078(06),2006,Fernwood
-13730675.1268693,6179309.15347974,169,88.0630915622,Right,2253,2253(06),2006,Fernwood
-13731016.0502789,6179037.06258103,170,85.2497879454,Both,370,370(81),1981,Fernwood
-13730925.0233168,6178974.4927357,171,351.9219872198,Both,480,480(81),1981,Fernwood
-13732318.8014019,6178798.15321431,172,354.8232327426,Right,5150,5150(92),1992,North Park
-13732473.7195705,6178880.80541451,173,354.9851104795,Left,3940,3940(92),1992,North Park
-13731823.3670741,6178519.90471695,174,354.4233876989,Left,940,940(91),1991,North Park
-13732153.4486193,6178548.10109492,175,354.4233876989,Left,900,900(91),1991,North Park
-13731698.5968669,6178440.71540551,176,354.5820502074,Right,1500,1500(91),1991,North Park
-13732010.6045261,6178469.93205669,177,354.5820502074,Right,2060,2060(91),1991,North Park
-13731074.1083742,6178372.85319205,178,354.839236882,Both,910,910(91),1991,Fernwood
-13731189.5104878,6178233.35662864,179,355.2250995273,Left,14000,14000(90),1990,Fernwood
-13731074.9205925,6177908.02412431,180,354.4542320928,Right,12530,12530(90),1990,Fernwood
-13731448.6127467,6177874.35771595,181,351.0313090992,Left,13950,13950(89),1989,Fernwood
-13731389.7332146,6177565.81750801,182,349.2202796508,Right,11270,11270(89),1989,Fernwood
-13731378.5276236,6177404.93598505,183,79.1325691359,Both,1070,1070(81),1981,Fairfield
-13731653.8491819,6177382.28265372,184,350.6319874087,Left,2720,2720(81),1981,Fairfield
-13731509.7172714,6177289.31875766,185,348.8464790533,Right,1620,1620(81),1981,Fairfield
-13731733.569841,6177213.43433695,186,80.1827096755,Right,9770,9770(90),1990,Fairfield
-13731837.9899273,6177083.72128927,187,79.3973030331,Left,9770,9770(90),1990,Fairfield
-13731160.6387181,6177220.63004899,188,350.6319874087,Left,1452,1452(07),2007,Rockland
-13731974.273474,6177012.09399669,189,350.5939767388,Both,910,910(90),1990,Fairfield
-13731581.3093532,6176952.36142776,190,350.7929940921,Left,1759,1759(07),2007,Fairfield
-13731424.8067718,6176855.98372202,191,350.4973499325,Right,1219,1219(07),2007,Fairfield
-13732207.8128922,6176818.73773654,192,81.0151793722,Both,5340,5340(89),1989,Fairfield
-13732045.8453262,6177281.13393154,193,81.3817742729,Right,6250,6250(90),1990,Fairfield
-13730901.7478639,6176530.78538541,194,350.4946423343,Both,510,510(81),1981,Fairfield
-13731835.1008539,6176345.4578197,195,350.1000874167,Both,740,740(84),1984,Fairfield
-13731578.4874261,6176192.73575161,196,80.1311821037,Both,840,840(81),1981,Fairfield
-13731923.43921,6176159.94515637,197,73.9837272907,Right,7105,7105(97),1997,Fairfield
-13732069.3896385,6175970.01059385,198,72.4958963026,Left,7732,7732(97),1997,Fairfield
-13732330.9298126,6176487.57247979,199,45.6300063681,Left,2643,2643(15),2015,Fairfield
-13732159.0471753,6176576.42803669,200,47.0599001056,Right,946,946(15),2015,Fairfield
-13732147.96376,6176469.20097988,201,350.9269279357,Left,2500,2500(91),1991,Fairfield
-13732015.8313649,6176382.50732374,202,349.828837753,Right,2350,2350(91),1991,Fairfield
-13732706.8400123,6176276.78270035,203,89.7315298441,Left,1360,1360(92),1992,Fairfield
-13732816.6041309,6175797.76171574,204,79.2350701901,Left,680,680(92),1992,Fairfield
-13732540.7854866,6175688.2248752,205,315.8417043575,Right,1990,1990(92),1992,Fairfield
-13732921.5769835,6175719.94707559,206,337.6045534718,Both,2970,2970(92),1992,James Bay
-13732732.6354654,6175604.54765501,207,323.1410666043,Both,3290,3290(92),1992,James Bay
-13732574.395339,6175447.7311046,208,305.4365776749,Both,3100,3100(92),1992,James Bay
-13732513.4011978,6175566.00218872,209,41.477988847,Both,3200,3200(92),1992,Fairfield
-13732444.0395048,6175729.11330708,210,74.8604045593,Both,2670,2670(92),1992,Fairfield
-13732048.6243016,6175554.59439117,211,85.7231753744,Right,2420,2420(91),1991,Fairfield
-13732140.851498,6175395.37076424,212,84.8705170228,Left,2770,2770(91),1991,Fairfield
-13733447.0544469,6175187.5091535,213,74.7021503206,Left,820,820(89),1989,James Bay
-13733344.8006708,6175295.21622257,214,77.3097172369,Right,650,650(89),1989,James Bay
-13733406.4356149,6175351.68774936,215,75.3385863952,Left,2120,2120(89),1989,James Bay
-13733304.2146891,6175484.99249694,216,75.3744481645,Right,2180,2180(89),1989,James Bay
-13734223.5836481,6175642.46380455,217,324.5708986815,Left,3270,3270(90),1990,James Bay
-13734141.0479617,6175501.52911446,218,324.4731323117,Right,3900,3900(90),1990,James Bay
-13733934.660675,6175814.76280025,219,324.4994493114,Right,1900,1900(93),1993,James Bay
-13734023.7843938,6175946.75351405,220,324.0957961831,Left,1250,1250(93),1993,James Bay
-13734097.9214487,6176053.86933369,221,52.9795856833,Left,2090,2090(93),1993,James Bay
-13733948.4721767,6176148.39179927,222,54.3003660728,Right,2510,2510(93),1993,James Bay
-13733474.8702357,6175879.87260496,223,324.3975829702,Both,1560,1560(91),1991,James Bay
-13733543.6982991,6175980.20204815,224,66.7104440516,Left,970,970(09),2009,James Bay
-13733430.3775273,6176082.36905464,225,65.6107089172,Right,1250,1250(09),2009,James Bay
-13733414.5894374,6175891.01662341,226,65.9693831764,Left,100,100(91),1991,James Bay
-13733302.7678359,6175977.36041359,227,67.4056647838,Right,180,180(91),1991,James Bay
-13733427.2913043,6176155.04999434,228,339.1246264467,Left,100,100(91),1991,James Bay
-13733314.9271423,6176061.48689815,229,339.4242438753,Right,330,330(91),1991,James Bay
-13733221.2490432,6175896.38707048,230,68.1492080388,Left,1909,1909(05),2005,James Bay
-13733103.2759567,6176020.41072649,231,69.2325220087,Right,2491,2491(05),2005,James Bay
-13733098.1189116,6176342.10014389,232,4.8747843195,Both,1810,1810(92),1992,James Bay
-13733055.7612885,6176374.62927313,233,88.3999856566,Left,3492,3492(14),2014,James Bay
-13732995.6716701,6176525.36927069,234,88.0249472434,Right,4570,4570(14),2014,James Bay
-13733409.5313135,6176348.06680922,235,84.3368149469,Left,5400,5400(90),1990,James Bay
-13733331.8255003,6176508.37909903,236,86.4778522838,Right,5000,5000(90),1990,James Bay
-13733048.5139895,6176583.5095011,237,88.3999856566,Left,5580,5580(83),1983,James Bay
-13732974.8516745,6176732.40074647,238,84.558282608,Right,5610,5610(83),1983,James Bay
-13733253.0535237,6176771.54464494,239,5.1432897693,Left,3871,3871(16),2016,James Bay
-13733098.7493716,6176716.87989274,240,5.4588020711,Right,4986,4986(16),2016,James Bay
-13733195.5745507,6176591.57910434,241,5.1298653017,Both,3470,3470(81),1981,James Bay
-13733072.9857959,6176854.99483133,242,282.2434708298,Right,5970,5970(90),1990,James Bay
-13733324.5028164,6176962.50305336,243,90.0006198368,Right,4840,4840(90),1990,James Bay
-13733137.4343367,6177035.56295182,244,345.660564693,Right,10070,10070(90),1990,James Bay
-13732907.6236721,6176972.8891119,245,343.790801272,Right,4280,4280(90),1990,James Bay
-13732861.2774164,6176963.94004686,246,57.7874353141,Right,4190,4190(89),1989,Fairfield
-13733009.151735,6176846.83480592,247,56.9852581751,Left,350,350(89),1989,James Bay
-13733394.4139211,6176801.1969587,248,90.3987733964,Left,4460,4460(90),1990,James Bay
-13733325.5596298,6176717.9552285,249,90.0006198368,Right,2920,2920(90),1990,James Bay
-13733390.5283718,6176546.96071639,250,90.3987733964,Left,2460,2460(90),1990,James Bay
-13732659.3164182,6176673.12307845,251,57.1272715413,Left,2740,2740(90),1990,Fairfield
-13732515.5644211,6176724.52598744,252,56.5065649082,Right,2230,2230(90),1990,Fairfield
-13732486.2942283,6177024.44208896,253,329.1798031124,Right,2140,2140(90),1990,Fairfield
-13732354.8489236,6177144.30343414,254,81.8651010184,Right,2410,2410(15),2015,Fairfield
-13732690.5238523,6177338.15649394,255,96.0136574746,Right,8140,8140(90),1990,Fairfield
-13732745.1013109,6177185.65765442,256,315.0199620308,Right,1440,1440(89),1989,Downtown
-13732594.2179051,6177153.13584255,257,330.108895254,Left,1800,1800(90),1990,Fairfield
-13732437.3958961,6177004.45617114,258,81.7279387244,Left,3265,3265(15),2015,Fairfield
-13732708.7371983,6177214.88398971,259,94.292662394,Left,6800,6800(90),1990,Downtown
-13732800.4197822,6177339.08172722,260,310.3842332744,Left,720,720(89),1989,Downtown
-13733057.9647798,6177079.87110655,261,345.1392477079,Left,6230,6230(90),1990,Downtown
-13733285.4532874,6177148.06045631,262,343.9200988526,Left,10760,10760(90),1990,Downtown
-13733557.3763063,6177199.1978139,263,353.5830674111,Left,8149,8149(14),2014,James Bay
-13733396.4471436,6177094.19702749,264,354.1781820527,Right,7421,7421(14),2014,James Bay
-13733441.7373257,6176676.60963003,265,6.0382326976,Right,5310,5310(92),1992,James Bay
-13733615.7400886,6176735.60859372,266,5.7373834356,Left,4340,4340(92),1992,James Bay
-13733619.3652792,6176553.3105801,267,5.1527461225,Both,1130,1130(92),1992,James Bay
-13734137.7798223,6176426.85447885,268,323.3049484408,Both,3080,3080(92),1992,James Bay
-13734300.2816197,6176543.42927152,269,323.8938801581,Both,1940,1940(82),1982,James Bay
-13733911.7661279,6176736.95089951,270,329.9127775896,Right,2238,2238(05),2005,James Bay
-13734012.1672639,6176877.99486107,271,329.5688790581,Left,1451,1451(05),2005,James Bay
-13733789.03172,6176725.52919006,272,69.2836083564,Left,3770,3770(90),1990,James Bay
-13733656.289831,6176860.14810484,273,71.1197837396,Right,2770,2770(90),1990,James Bay
-13733694.4191173,6177147.54455106,274,339.6900650222,Right,4531,4531(16),2016,James Bay
-13733997.0051339,6177156.1667137,275,56.076437942,Right,2060,2060(89),1989,James Bay
-13733805.0168866,6177270.88775007,276,338.0395235932,Left,5310,5310(16),2016,James Bay
-13734133.7013927,6177090.48521505,277,52.8651476325,Left,2100,2100(89),1989,James Bay
-13733819.7347641,6177122.00898379,278,338.8793727491,Both,2520,2520(92),1992,James Bay
-13734335.6939581,6176688.16718185,279,53.7974189126,Right,1132,1132(05),2005,James Bay
-13734455.401578,6176628.15831597,280,54.2922418735,Left,1177,1177(05),2005,James Bay
-13734486.4709133,6176478.74425693,281,53.7974189126,Right,1273,1273(12),2012,James Bay
-13734610.4828151,6176412.91691412,282,54.2922418735,Left,1351,1351(12),2012,James Bay
-13734661.5987005,6176229.36876988,283,53.7974189126,Right,650,650(93),1993,James Bay
-13734793.6191063,6176166.36687112,284,54.2922418735,Left,640,640(93),1993,James Bay
-13734308.8582222,6176088.35376611,285,324.1263109967,Right,1140,1140(93),1993,James Bay
-13734397.7777789,6176221.27917505,286,324.5731705597,Left,750,750(93),1993,James Bay
-13735058.9553017,6176468.63241818,287,54.5565894694,Both,790,790(89),1989,James Bay
-13735039.5055564,6176685.43979314,288,324.2240225416,Both,480,480(89),1989,James Bay
-13734823.7971884,6176691.83449595,289,53.365357864,Right,472,472(11),2011,James Bay
-13734969.8265049,6176608.75178404,290,53.273365679,Left,347,347(11),2011,James Bay
-13735058.3799709,6176846.25351856,291,54.4446471064,Right,440,440(87),1987,James Bay
-13735245.242327,6176853.1627582,292,283.8610213898,Right,2741,2741(16),2016,James Bay
-13735107.4664752,6177276.46332185,293,55.2873611983,Right,2910,2910(90),1990,James Bay
-13735199.4057029,6177014.66241341,294,282.1922569487,Left,3456,3456(16),2016,James Bay
-13735256.991567,6177184.27135145,295,53.9128066209,Left,2330,2330(90),1990,James Bay
-13734978.4343143,6177313.63142657,296,324.2378869099,Left,2189,2189(11),2011,James Bay
-13734888.9597674,6177165.68494585,297,324.9232480487,Right,2165,2165(11),2011,James Bay
-13734696.7259161,6177319.84741229,298,52.7272728138,Right,2380,2380(92),1992,James Bay
-13734507.7389423,6177294.80390526,299,349.9992589845,Right,1650,1650(92),1992,James Bay
-13734649.1416462,6177378.49303004,300,350.0906504918,Left,2120,2120(92),1992,James Bay
-13734662.3090684,6177317.9548725,301,325.8379850946,Left,1170,1170(92),1992,James Bay
-13734580.3326519,6177186.80247626,302,323.7337940615,Right,1650,1650(92),1992,James Bay
-13734590.985085,6177146.2893807,303,53.883927677,Both,1960,1960(87),1987,James Bay
-13734503.0526559,6177268.52198007,304,53.883927677,Both,1880,1880(87),1987,James Bay
-13734415.1791534,6177391.19290123,305,53.883927677,Both,4520,4520(89),1989,James Bay
-13734347.4463621,6177403.18599591,306,323.991635877,Left,2720,2720(92),1992,James Bay
-13734237.9322687,6177284.68296907,307,323.149284974,Right,2070,2070(92),1992,James Bay
-13734344.2856459,6177272.0122454,308,322.6525944784,Both,620,620(87),1987,James Bay
-13734382.6716101,6177125.48403553,309,323.991635877,Left,1274,1274(14),2014,James Bay
-13734304.1099489,6176985.60973687,310,323.149284974,Right,1833,1833(14),2014,James Bay
-13731754.7813254,6175102.30531558,311,79.902880251,Both,530,530(81),1981,Fairfield
-13731396.5686878,6174781.57535844,312,79.902880251,Both,890,890(81),1981,Fairfield
-13731974.0911724,6175012.90133492,313,339.3043637931,Left,3180,3180(90),1990,Fairfield
-13731863.5260483,6174884.63026429,314,339.5329243913,Right,3460,3460(90),1990,Fairfield
-13734453.3594062,6178588.88259451,315,321.5657326883,Left,7460,7460(85),1985,Victoria West
-13734379.0335521,6178440.14694125,316,322.9626850573,Right,7940,7940(85),1985,Victoria West
-13734762.171183,6178725.23125973,317,0.5118299007,Right,3201,3201(15),2015,Victoria West
-13734933.9410685,6178795.17621294,318,0.2681741757,Left,6412,6412(15),2015,Victoria West
-13735291.8820925,6178508.04107454,319,90.2961506257,Left,1010,1010(90),1990,Victoria West
-13735230.2011652,6178651.3337725,320,90.819613654,Right,940,940(90),1990,Victoria West
-13735364.874422,6178643.84062771,321,90.819613654,Right,622,622(90),1990,Victoria West
-13735429.2543856,6178505.89423589,322,90.2961506257,Left,330,330(90),1990,Victoria West
-13734947.3900632,6179008.5449644,323,49.8023171954,Right,3440,3440(92),1992,Victoria West
-13735108.9976067,6178923.16215592,324,49.8806642866,Left,3600,3600(92),1992,Victoria West
-13734590.805344,6179108.18534434,325,297.2324628001,Right,3840,3840(90),1990,Victoria West
-13734598.0455145,6179285.8496254,326,294.5529520872,Left,4050,4050(90),1990,Victoria West
-13734861.3271229,6179456.75683784,327,306.4034480467,Right,7580,7580(90),1990,Victoria West
-13734893.3684654,6179632.35810064,328,300.8265336273,Left,6590,6590(90),1990,Victoria West
-13735428.2389024,6179665.27396106,329,359.6696579245,Left,6960,6960(92),1992,Victoria West
-13735299.6276882,6179604.21417969,330,359.3536750919,Right,9900,9900(92),1992,Victoria West
-13735231.720054,6179509.71067923,331,359.3782851105,Left,480,480(93),1993,Victoria West
-13735420.8013623,6179509.96764841,332,359.6696579245,Left,486,486(07),2007,Victoria West
-13735272.8283897,6179446.51330659,333,359.3536750919,Right,327,327(07),2007,Victoria West
-13735130.7183315,6179445.27652659,334,359.1628232421,Right,660,660(93),1993,Victoria West
-13736064.7544447,6180056.31997692,335,80.6621738948,Both,1530,1530(92),1992,Victoria West
-13734744.3583808,6181579.25054536,336,64.0058092847,Right,730,730(93),1993,Burnside
-13734860.419635,6181493.48811453,337,63.3498178115,Left,300,300(93),1993,Burnside
-13735302.931807,6181726.24224516,338,54.744997001,Left,3290,3290(91),1991,Burnside
-13735163.480172,6181824.94431642,339,54.4527603645,Right,3550,3550(91),1991,Burnside
-13734219.4634026,6180751.02047885,340,54.0532382931,Left,5480,5480(93),1993,Burnside
-13734070.3856752,6180844.66044837,341,54.5620399512,Right,5370,5370(93),1993,Burnside
-13734128.7612982,6180671.48231887,342,330.3970083194,Left,8430,8430(93),1993,Burnside
-13734092.392523,6180576.20864138,343,330.4781946973,Right,8760,8760(93),1993,Burnside
-13733569.1390734,6180526.47604217,344,10.4659435626,Both,1260,1260(81),1981,Burnside
-13733698.0318802,6180423.14601454,345,329.8685884964,Left,9200,9200(14),2014,Burnside
-13733592.4049091,6180289.29565592,346,329.7354809965,Right,7129,7129(14),2014,Burnside
-13733781.7916977,6181017.29914542,347,323.8014293721,Left,5310,5310(93),1993,Burnside
-13733696.9407685,6180874.76665231,348,324.2683830122,Right,5500,5500(93),1993,Burnside
-13733970.784289,6181074.97737937,349,324.2683830122,Right,9010,9010(85),1985,Burnside
-13734002.7243856,6181174.82699416,350,323.8014293721,Left,7920,7920(85),1985,Burnside
-13733821.0808815,6181150.49143913,351,21.9348826355,Left,6580,6580(89),1989,Burnside
-13733640.7593124,6181140.47456321,352,22.1025625905,Right,6400,6400(89),1989,Burnside
-13733475.7254561,6181092.71230039,353,290.7333021056,Left,21530,21530(90),1990,Burnside
-13733498.2918453,6180918.89276947,354,291.7031265984,Right,22980,22980(90),1990,Burnside
-13733527.7780758,6181264.54377111,355,10.3016811052,Left,8580,8580(92),1992,Burnside
-13733383.855066,6181212.13776618,356,9.6769089816,Right,10920,10920(92),1992,Burnside
-13733414.2476535,6181699.90519845,357,10.616379455,Right,3700,3700(82),1982,Burnside
-13733583.8739613,6181722.85753225,358,8.7826707658,Left,2370,2370(82),1982,Burnside
-13733182.0674701,6181686.96163919,359,289.3464749441,Left,17500,17500(89),1989,Hillside/Quadra
-13733217.9249561,6181489.48941648,360,291.8744387087,Right,17980,17980(89),1989,Burnside
-13732991.9862918,6181823.03003958,361,9.6346068442,Left,2360,2360(90),1990,Hillside/Quadra
-13732828.5924575,6181802.20965871,362,10.267845864,Right,2080,2080(90),1990,Hillside/Quadra
-13733032.1529583,6181354.33437952,363,10.4008023973,Left,7150,7150(92),1992,Hillside/Quadra
-13732845.2097574,6181314.68622062,364,17.3814350622,Right,7930,7930(92),1992,Hillside/Quadra
-13732519.7932124,6181716.56988487,365,279.8865433136,Left,7520,7520(82),1982,Hillside/Quadra
-13732556.8479594,6181548.65994695,366,281.5220040393,Right,7170,7170(82),1982,Hillside/Quadra
-13732356.3860225,6181682.4847075,367,279.0969394545,Both,250,250(07),2007,Hillside/Quadra
-13732150.0955869,6181526.69425411,368,10.2589833082,Left,6890,6890(92),1992,Hillside/Quadra
-13731987.6080272,6181486.84195398,369,10.5214664873,Right,6840,6840(92),1992,Hillside/Quadra
-13732258.9395427,6181166.659884,370,279.8449821417,Both,260,260(89),1989,Hillside/Quadra
-13732330.8387723,6180763.1341236,371,11.0343006456,Both,1250,1250(91),1991,Hillside/Quadra
-13732771.669901,6180611.56737422,372,280.5384946603,Left,14740,14740(93),1993,Hillside/Quadra
-13732834.8345534,6180426.55329425,373,281.108492593,Right,23870,23870(93),1993,Burnside
-13732934.0401135,6180113.12163682,374,19.9372442989,Right,12010,12010(93),1993,Burnside
-13733093.7214424,6180129.9927088,375,20.6832941399,Left,9390,9390(93),1993,Burnside
-13732720.0155952,6179832.99808378,376,281.8971122716,Right,23233,23233(10),2010,Burnside
-13732665.8911857,6180039.70730874,377,279.806956707,Left,19222,19222(10),2010,Hillside/Quadra
-13733068.4287748,6180008.231796,378,289.6931874329,Left,18910,18910(89),1989,Burnside
-13733083.2642024,6179805.4727716,379,289.2623590827,Right,12600,12600(89),1989,Burnside
-13733227.6410914,6179725.43806357,380,271.4704065738,Right,7870,7870(89),1989,Burnside
-13733411.8851943,6179700.93922902,381,288.9371114672,Right,1820,1820(91),1991,Burnside
-13733003.4366357,6179611.31758892,382,355.132510795,Right,9710,9710(90),1990,Burnside
-13733249.2467457,6179636.04985037,383,354.2938547962,Right,9990,9990(93),1993,Burnside
-13733461.2308048,6179805.4902173,384,16.333071853,Right,1090,1090(91),1991,Burnside
-13733174.7402048,6179702.36039649,385,354.5639374769,Left,7280,7280(90),1990,Burnside
-13733340.4680781,6179714.71898887,386,354.2418468237,Left,6590,6590(93),1993,Burnside
-13733148.2634138,6179879.4762844,387,271.4159925331,Left,8420,8420(89),1989,Burnside
-13733397.1547506,6179860.66598692,388,285.6788286724,Left,1840,1840(91),1991,Burnside
-13733615.837096,6179829.53452004,389,15.8616339065,Left,1090,1090(91),1991,Burnside
-13732873.4612858,6179677.24411344,390,356.2308686362,Left,10570,10570(89),1989,Burnside
-13732705.4824333,6179588.2134225,391,352.481812911,Right,9400,9400(89),1989,Burnside
-13732627.7390656,6178900.20498697,392,90.925285589,Left,21220,21220(93),1993,Burnside
-13732502.1613145,6179047.00895243,393,85.0035310639,Right,16060,16060(93),1993,North Park
-13732844.8847744,6179158.26102682,394,91.7201387144,Right,16630,16630(81),1981,Burnside
-13732925.9544581,6178983.33523872,395,91.3234888253,Left,12910,12910(81),1981,Downtown
-13733214.1292644,6179145.1560342,396,91.3234888253,Left,8070,8070(89),1989,Burnside
-13733144.9600099,6179316.46630261,397,91.7201387144,Right,10140,10140(89),1989,Burnside
-13733323.1388741,6178898.3618808,398,0.6162669981,Both,4110,4110(81),1981,Burnside
-13732658.6397193,6178148.37695778,399,350.0809329347,Right,12220,12220(84),1984,Downtown
-13732851.382933,6178106.95438251,400,349.7561956128,Left,10690,10690(84),1984,Downtown
-13733093.6413676,6178104.79575253,401,81.0220273137,Left,5810,5810(93),1993,Downtown
-13732160.7148194,6178297.19229355,402,354.3788130647,Left,13376,13376(10),2010,North Park
-13732040.9726627,6178045.73857359,403,349.5867843436,Right,12420,12420(84),1984,Harris Green
-13731717.2161268,6177994.3185193,404,349.590627188,Right,13230,13230(91),1991,Harris Green
-13732237.1261841,6177917.05422643,405,350.4702947853,Left,11950,11950(84),1984,Harris Green
-13732052.7304793,6177771.12328117,406,80.2665916686,Left,3860,3860(89),1989,Harris Green
-13731943.2615912,6177917.49008922,407,82.0684104087,Right,4840,4840(89),1989,Harris Green
-13732259.4860776,6177974.78644188,408,81.7488165248,Right,5580,5580(89),1989,Harris Green
-13732351.357183,6177829.65882783,409,80.8767096133,Left,6080,6080(89),1989,Harris Green
-13732568.4163927,6178005.02823606,410,78.9369217168,Right,11860,11860(90),1990,Downtown
-13732669.1113774,6177888.14673973,411,79.2092209583,Left,19220,19220(90),1990,Downtown
-13732876.6688175,6178076.94723195,412,80.9753164001,Right,11690,11690(89),1989,Downtown
-13732993.1914314,6177924.62569046,413,78.9898280363,Left,21570,21570(89),1989,Downtown
-13733343.5629964,6177881.92501912,414,351.1861024157,Right,5210,5210(89),1989,Downtown
-13732989.2708824,6177645.48162673,415,80.280935288,Left,14010,14010(90),1990,Downtown
-13732929.2277968,6177794.71847979,416,80.8183303851,Right,13080,13080(90),1990,Downtown
-13732722.6117555,6177716.70713081,417,350.7341685197,Right,11240,11240(84),1984,Downtown
-13732757.0152247,6177586.28196037,418,350.113241514,Right,1960,1960(92),1992,Downtown
-13732900.7572402,6177673.93103133,419,350.6213211479,Left,2620,2620(92),1992,Downtown
-13732712.1787564,6177621.49402715,420,79.6889637517,Left,11140,11140(84),1984,Downtown
-13732614.4644738,6177738.17068958,421,80.1283157494,Right,9880,9880(84),1984,Downtown
-13733389.7770475,6177584.73222498,422,335.5232977011,Left,11220,11220(93),1993,Downtown
-13733329.7643226,6177489.51727968,423,334.4002018827,Right,11140,11140(93),1993,Downtown
-13733194.9269019,6177492.72409061,424,334.3505142327,Left,3460,3460(90),1990,Downtown
-13733073.6484254,6177367.38570385,425,336.3854841477,Right,1650,1650(90),1990,Downtown
-13733041.5613131,6177404.64098392,426,80.1282945337,Left,8370,8370(93),1993,Downtown
-13732971.5690715,6177542.18487705,427,81.5238226414,Right,8740,8740(93),1993,Downtown
-13732251.0220261,6177320.33720612,428,350.9401315099,Both,1480,1480(85),1985,Fairfield
-13732115.4591157,6177617.67163274,429,350.7134762836,Right,12000,12000(84),1984,Harris Green
-13732235.5917888,6177395.54795944,430,350.9401315099,Both,2590,2590(85),1985,Fairfield
-13732399.1794514,6177551.17262355,431,80.8767096133,Left,5970,5970(84),1984,Fairfield
-13732322.4541044,6177592.08058117,432,81.7488165248,Right,6380,6380(84),1984,Fairfield
-13728795.9509328,6176281.78151773,433,91.4160060839,Left,3108,3108(97),1997,Gonzales
-13733075.7253358,6177009.65226476,434,286.0844781998,Left,4900,4900(90),1990,James Bay
-13734799.6684921,6177290.06214314,435,57.464633961,Both,5089,5089(96),1996,James Bay
-13735243.0323492,6179304.6350403,436,90.0006198368,Right,276,276(07),2007,Victoria West
-13735296.2441618,6179201.10419422,437,94.0835219794,Left,162,162(07),2007,Victoria West
-13735299.7284267,6178932.87962548,438,93.0006198368,Left,162,162(07),2007,Victoria West
-13735233.1536853,6179034.60389537,439,92.0006198368,Right,232,232(07),2007,Victoria West
-13735562.7407484,6180669.70468862,440,330.0006198368,Right,220,220(96),1996,Burnside
-13735667.1879174,6180686.67456528,441,325.0006198368,Left,300,300(96),1996,Burnside
-13728336.157362,6178400.68494146,442,0.0006198368,Left,1093,1093(96),1996,South Jubilee
-13728218.9994958,6178454.05856068,443,0.0006198368,Right,1036,1036(96),1996,South Jubilee
-13728691.9785653,6178589.70135413,444,90.0006198368,Both,370,370(96),1996,South Jubilee
-13728414.4607068,6178758.60509108,445,0.0006198368,Right,370,370(96),1996,South Jubilee
-13728349.9532084,6178755.21367332,446,0.0006198368,Left,240,240(96),1996,South Jubilee
-13735152.5192101,6181579.91072705,447,57.3637420323,Both,700,700(96),1996,Burnside
-13735066.4369793,6181211.67550064,448,62.5771708994,Both,350,350(96),1996,Burnside
-13728581.4863442,6178517.28494027,449,90.0006198368,Left,323,323(15),2015,South Jubilee
-13732612.5384649,6176880.05225293,450,315.7388841214,Right,731,731(96),1996,Fairfield
-13732693.2531219,6177039.01163538,451,319.5256520044,Left,832,832(96),1996,Fairfield
-13735172.7073988,6181281.91065204,452,62.5771708994,Both,665,665(96),1996,Burnside
-13731138.604571,6176400.94362152,453,80.0219651978,Both,3222,3222(97),1997,Fairfield
-13730964.2166078,6176973.19983085,454,80.0219651978,Both,2282,2282(97),1997,Rockland
-13730908.3489268,6177281.37970867,455,80.0219651978,Both,1905,1905(97),1997,Rockland
-13730811.763386,6177162.90969695,456,318.9249013191,Left,1799,1799(14),2014,Rockland
-13730760.0630225,6176980.2743048,457,317.5933624018,Right,1154,1154(14),2014,Rockland
-13729355.400949,6175174.48256941,458,0.2349047776,Left,1658,1658(09),2009,Gonzales
-13729203.4623925,6175086.48119327,459,0.0006198368,Right,1967,1967(09),2009,Gonzales
-13729278.5012522,6177918.86668404,460,87.2724597739,Right,641,641(12),2012,Rockland
-13729361.452612,6177823.05788707,461,88.1316802704,Left,709,709(12),2012,Rockland
-13729233.0587286,6176595.68654301,462,287.0319653757,Right,2082,2082(09),2009,Gonzales
-13728793.4389472,6176228.1167607,463,354.828829872,Right,3469,3469(97),1997,Gonzales
-13729264.2201123,6176147.022514,464,55.9589167031,Right,3755,3755(97),1997,Gonzales
-13730534.7198055,6181567.8130897,465,30.6613199033,Left,343,343(06),2006,Oaklands
-13730355.1852882,6181583.72188455,466,31.1396666483,Right,168,168(06),2006,Oaklands
-13734980.1839877,6181639.24187878,467,62.5771708994,Both,456,456(06),2006,Burnside
-13729586.1335375,6176297.02687535,468,24.1967673961,Left,237,237(06),2006,Gonzales
-13729413.7055259,6176293.45264317,469,24.4990097845,Right,185,185(06),2006,Gonzales
-13731164.56897,6181435.11958664,470,98.4055596116,Right,6303,6303(16),2016,Oaklands
-13731209.0970172,6181259.88437638,471,99.1542567564,Left,6664,6664(16),2016,Hillside/Quadra
-13730893.0867607,6181276.74952534,472,51.0345748785,Left,2560,2560(06),2006,Oaklands
-13730745.4669259,6181346.34172679,473,50.5702054045,Right,1875,1875(06),2006,Oaklands
-13734016.0447919,6176611.99162684,474,329.9127775896,Right,380,380(05),2005,James Bay
-13734116.4461687,6176753.03245813,475,329.5688790581,Left,590,590(05),2005,James Bay
-13733856.7234253,6176538.41008771,476,69.2836083564,Left,1953,1953(05),2005,James Bay
-13733723.9853486,6176673.0271169,477,71.1197837396,Right,2108,2108(05),2005,James Bay
-13734149.3906133,6175973.48065657,478,324.1263109967,Right,819,819(05),2005,James Bay
-13734238.3064968,6176106.40597285,479,324.5731705597,Left,511,511(05),2005,James Bay
-13734540.1758594,6175868.60111598,480,324.5708986815,Left,3359,3359(11),2011,James Bay
-13734467.4913843,6175716.63721086,481,324.4731323117,Right,3175,3175(11),2011,James Bay
-13736045.3298263,6180335.25842276,482,253.9780324646,Right,113,113(09),2009,Victoria West
-13735926.1109999,6180467.83779317,483,248.4011180451,Left,108,108(09),2009,Victoria West
-13730843.2755017,6175226.67486491,484,222.0251419908,Right,176,176(09),2009,Fairfield
-13730688.1241015,6175276.39652577,485,221.7020362248,Left,145,145(09),2009,Fairfield
-13735796.2200646,6178973.19253568,486,90.0006198368,Right,280,280(09),2009,Victoria West
-13735849.4231184,6178869.66225136,487,94.0835219794,Left,332,332(09),2009,Victoria West
-13736157.3244857,6179128.07734963,488,90.0006198368,Right,589,589(09),2009,Victoria West
-13736206.5804974,6179010.21769977,489,88.9512153771,Left,301,301(09),2009,Victoria West
-13728816.895195,6178546.62422501,490,90.0006198368,Left,111,111(09),2009,South Jubilee
-13733591.8554502,6180200.78139082,491,16.333071853,Right,476,476(09),2009,Burnside
-13733746.4692518,6180224.82424252,492,15.8616339065,Left,796,796(09),2009,Burnside
-13729236.9483997,6177803.5888332,493,358.8292639908,Left,119,119(09),2009,Rockland
-13729105.4272199,6177690.59347475,494,358.1408577941,Right,83,83(09),2009,Rockland
-13736098.0513996,6179363.19775449,495,90.0006198368,Right,984,984(09),2009,Victoria West
-13736156.4815202,6179259.47285807,496,88.9512153771,Left,847,847(09),2009,Victoria West
-13729227.7899377,6175842.25584116,497,359.391218249,Right,260,260(09),2009,Gonzales
-13728736.0309649,6177383.23625571,498,65.0168846443,Left,57,57(11),2011,Gonzales
-13728611.527797,6177497.6258513,499,63.3974890192,Right,57,57(11),2011,Gonzales
-13735299.1734873,6178751.7709031,500,90.2961506257,Left,187,187(09),2009,Victoria West
-13735237.4909403,6178895.06772092,501,90.819613654,Right,252,252(09),2009,Victoria West
-13731887.5278454,6180422.3287068,502,100.3908124076,Left,184,184(09),2009,Hillside/Quadra
-13731885.9225017,6180813.72449497,503,99.3876496517,Right,218,218(09),2009,Hillside/Quadra
-13729527.4595276,6175450.59423223,504,359.391218249,Right,700,700(09),2009,Gonzales
-13736082.1383287,6179110.92620948,505,90.0006198368,Right,677,677(11),2011,Victoria West
-13736131.3954313,6178993.06722576,506,88.9512153771,Left,384,384(11),2011,Victoria West
-13735152.9782383,6177160.02784819,507,323.991635877,Left,321,321(09),2009,James Bay
-13735074.4036864,6177020.1601579,508,323.149284974,Right,318,318(09),2009,James Bay
-13734919.08198,6176997.6840228,509,323.991635877,Left,367,367(09),2009,James Bay
-13734840.5127471,6176857.81678911,510,323.149284974,Right,528,528(09),2009,James Bay
-13732196.2006825,6176925.94327873,511,80.2665916686,Left,2619,2619(11),2011,Fairfield
-13732086.7450225,6177072.29750546,512,82.0684104087,Right,3125,3125(11),2011,Fairfield
-13732369.6985159,6179669.44584444,513,100.3908124076,Left,407,407(09),2009,Hillside/Quadra
-13732323.2375018,6179809.98148585,514,99.3876496517,Right,783,783(09),2009,Hillside/Quadra
-13730042.1720654,6180350.23743278,515,358.4037445033,Both,1045,1045(10),2010,Oaklands
-13729882.2429563,6179877.63457779,516,89.0006198368,Both,446,446(10),2010,Oaklands
-13728791.5233937,6177484.89758029,517,92.8922850128,Left,87,87(11),2011,Gonzales
-13728734.7921772,6177644.40134539,518,91.2728893877,Right,84,84(11),2011,Gonzales
-13728641.1928387,6177227.77768364,519,92.8922850128,Left,71,71(11),2011,Gonzales
-13728584.460655,6177387.27568119,520,91.2728893877,Right,86,86(11),2011,Gonzales
-13735821.725354,6179549.16898414,521,359.3782851105,Left,329,329(10),2010,Victoria West
-13735720.7188963,6179484.74156633,522,359.1628232421,Right,335,335(10),2010,Victoria West
-13730291.7197961,6180673.93672408,523,30.6613199033,Left,124,124(10),2010,Oaklands
-13730112.2035751,6180689.8386677,524,31.1396666483,Right,79,79(10),2010,Oaklands
-13731170.395581,6179299.60375781,525,353.0474976153,Left,139,139(15),2015,Fernwood
-13731013.8359093,6179213.60073144,526,355.0840778971,Right,234,234(15),2015,Fernwood
-13733056.7098992,6181714.00560772,527,279.8865433136,Left,127,127(10),2010,Hillside/Quadra
-13733093.7540806,6181546.0935696,528,281.5220040393,Right,185,185(10),2010,Hillside/Quadra
-13729118.0889017,6176445.43212486,529,287.1142123226,Left,1493,1493(10),2010,Gonzales
-13729129.4094044,6176259.52062521,530,287.0319653757,Right,1596,1596(10),2010,Gonzales
-13729557.4425017,6177336.36765134,531,62.3048365934,Both,1772,1772(10),2010,Rockland
-13735737.5997006,6180448.76907697,532,312.0610846762,Both,392,392(14),2014,Victoria West
-13735984.4310279,6179177.3348883,533,351.8832143369,Left,3009,3009(10),2010,Victoria West
-13735892.6692511,6179100.24862439,534,351.6677524685,Right,3451,3451(10),2010,Victoria West
-13729424.7327142,6177020.44893258,535,328.910943491,Both,968,968(10),2010,Rockland
-13731687.5190755,6180431.87323092,536,10.4241362954,Left,10630,10630(10),2010,Hillside/Quadra
-13731505.9296265,6180387.16207026,537,10.4146453051,Right,9468,9468(10),2010,Hillside/Quadra
-13730948.1550885,6180525.49451375,538,11.7847868981,Right,9173,9173(10),2010,Oaklands
-13731143.0695385,6180560.23355607,539,11.6319960014,Left,9994,9994(10),2010,Oaklands
-13728583.781882,6179056.86989905,540,90.0006198368,Left,1821,1821(10),2010,North Jubilee
-13734569.2151532,6177066.53223299,541,53.365357864,Right,496,496(11),2011,James Bay
-13734726.4987621,6176969.38705535,542,53.273365679,Left,379,379(11),2011,James Bay
-13728465.5386901,6177012.96508154,543,319.2422421162,Left,249,249(11),2011,Gonzales
-13728411.408238,6176884.80774252,544,313.977606357,Right,213,213(11),2011,Gonzales
-13728937.3635809,6177447.26039217,545,92.8922850128,Left,85,85(11),2011,Gonzales
-13728860.1765626,6177595.79668317,546,91.2728893877,Right,73,73(11),2011,Gonzales
-13729178.2863553,6180666.71143619,547,358.2183392254,Right,302,302(11),2011,North Jubilee
-13729322.1468083,6180737.68084553,548,358.3762555654,Left,338,338(11),2011,North Jubilee
-13730787.3638771,6179274.97434354,549,358.4443305338,Right,262,262(11),2011,Fernwood
-13730943.2793284,6179348.72781697,550,355.4917492822,Left,238,238(11),2011,Fernwood
-13729144.4170557,6176817.22479141,551,332.9520037804,Both,901,901(11),2011,Gonzales
-13729548.9000355,6178612.52907961,552,309.20329739,Left,1330,1330(14),2014,North Jubilee
-13729504.4428464,6178442.00237231,553,307.8172742805,Right,1124,1124(14),2014,North Jubilee
-13730657.9679197,6180368.62784928,554,92.5350478115,Right,2310,2310(12),2012,Oaklands
-13730773.8820742,6180245.30764082,555,69.4548382094,Left,2499,2499(12),2012,Oaklands
-13728505.6878688,6176755.34409839,556,50.3900143302,Left,1895,1895(12),2012,Gonzales
-13728343.6943582,6176844.03241039,557,53.7727285807,Right,1905,1905(12),2012,Gonzales
-13730674.5004313,6179776.53615246,558,358.763058842,Left,1539,1539(15),2015,Oaklands
-13730543.3465938,6179698.85572074,559,358.8424215429,Right,1463,1463(15),2015,Fernwood
-13734241.7727379,6180973.83485538,560,324.2683830122,Right,490,490(13),2013,Burnside
-13734346.6968877,6181122.13719372,561,323.8014293721,Left,535,535(13),2013,Burnside
-13730922.5371106,6179206.20096507,562,355.4917492822,Left,364,364(13),2013,Fernwood
-13730807.5097077,6179145.15408669,563,358.4443305338,Right,378,378(13),2013,Fernwood
-13731466.299373,6179726.33700418,564,85.9375737638,Right,7517,7517(14),2014,Fernwood
-13731531.6770492,6179547.59809549,565,86.6609071121,Left,6633,6633(14),2014,Hillside/Quadra
-13730759.6432221,6178473.33596852,566,87.6071407298,Left,2553,2553(14),2014,Fernwood
-13730690.4782957,6178639.35828707,567,88.0630915622,Right,2644,2644(14),2014,Fernwood
-13732634.2997609,6181602.85720343,568,279.8865433136,Left,241,241(14),2014,Hillside/Quadra
-13732671.3517722,6181434.94899685,569,281.5220040393,Right,174,174(14),2014,Hillside/Quadra
-13735960.5850362,6179724.89081343,570,18.2709232262,Right,276,276(14),2014,Victoria West
-13736111.1218542,6179745.11157422,571,17.7474601979,Left,419,419(14),2014,Victoria West
-13729254.4119432,6177157.15149534,572,66.6722273632,Left,3161,3161(15),2015,Rockland
-13729133.2657029,6177275.10478305,573,65.0528317381,Right,940,940(15),2015,Gonzales
-13729236.6216353,6175708.83176715,574,89.169740459,Both,257,257(14),2014,Gonzales
-13733952.3953497,6180974.70413466,575,323.8014293721,Left,299,299(14),2014,Burnside
-13733867.5420088,6180832.17421123,576,324.2683830122,Right,604,604(14),2014,Burnside
-13733740.3072388,6180702.73632241,577,278.8459476093,Left,725,725(14),2014,Burnside
-13733780.5266482,6180524.14432109,578,278.4151192591,Right,414,414(14),2014,Burnside
-13735202.0498382,6176476.21274252,579,281.6552759854,Right,2474,2474(15),2015,James Bay
-13735150.0512233,6176635.81614478,580,279.9865115442,Left,2199,2199(15),2015,James Bay
-13733121.5509487,6176155.83115329,581,68.1492080388,Left,4740,4740(15),2015,James Bay
-13733009.6866902,6176285.38112424,582,69.2325220087,Right,4905,4905(15),2015,James Bay
-13730733.6806423,6179533.9834835,583,90.4530540947,Left,2716,2716(15),2015,Fernwood
-13730667.2933809,6179680.83275298,584,90.9090049271,Right,2072,2072(15),2015,Fernwood
-13730373.7359658,6177310.09476718,585,269.652253752,Both,768,768(15),2015,Rockland
-13729898.3033992,6175678.12366481,586,348.6737813021,Right,4869,4869(97),1997,Fairfield
-13730644.5279995,6175504.68996364,587,65.2968697824,Left,1760,1760(15),2015,Fairfield
-13730516.6878619,6175617.05860765,588,64.6419424077,Right,1655,1655(15),2015,Fairfield
-13728464.6379593,6177919.46015657,589,92.2760015237,Both,549,549(15),2015,Gonzales
-13730175.2560929,6175893.74861945,590,88.1316801108,Both,369,369(15),2015,Fairfield
-13730558.8619435,6178644.49464578,591,359.7771402637,Both,376,376(15),2015,Fernwood
-13732924.2658072,6180543.91378911,592,280.5384946603,Left,816,816(15),2015,Burnside
-13732970.4237191,6180384.1519331,593,281.108492593,Right,703,703(15),2015,Burnside
-13732844.877293,6180283.3909688,594,11.0343006456,Both,1379,1379(15),2015,Burnside
-13732166.4760904,6181697.7451382,595,282.1239597436,Both,468,468(15),2015,Hillside/Quadra
-13730558.1810059,6178492.31859927,596,359.7771402637,Both,343,343(15),2015,Fernwood
-13733016.6061111,6178765.23387074,597,0.6162669981,Both,1650,1650(15),2015,Downtown
-13728502.0300121,6178256.51744431,598,90.0006198368,Both,269,269(15),2015,South Jubilee
-13732166.9325232,6181954.04808835,599,8.894253883,Both,985,985(15),2015,Hillside/Quadra
-13734497.6382292,6179453.28862296,600,16.7787752562,Left,10610,10610(16),2016,Victoria West
-13729227.7596074,6179359.17544947,601,0,Left,6954,6954(16),2016,North Jubilee
-13732887.3192327,6177016.47881726,602,54.4065545795,Left,4807,4807(16),2016,Downtown
-13732750.3872847,6177339.51432968,603,79.4980946466,Left,7440,7440(16),2016,Downtown
-13732619.0490803,6178153.38880094,604,80.8977450186,Left,12616,12616(16),2016,Downtown
-13732957.2603796,6181058.97988416,605,291.7014139715,Left,18344,18344(16),2016,Hillside/Quadra
-13730606.2247427,6181827.21463502,606,64.7675084575,Left,5599,5599(16),2016,Oaklands
-13731263.3050105,6181955.75240792,607,281.1321963117,Left,9722, 9722(16),2016,Oaklands
-13736008.5313458,6180300.79086848,608,335.7475163272,Left,6458,6458(16),2016,Victoria West
-13728547.500715,6175627.28404357,609,329.9950226418,Left,1709,1709(16),2016,Gonzales
-13732923.6332927,6175135.73917121,610,354.411177811,Left,5720,5720(16),2016,James Bay
-13733633.0023607,6181487.69972806,611,292.6571592242,Left,16258,16258(16),2016,Burnside
-13728559.166811,6176325.66787345,612,6.8216652257,Left,1580,1580(16),2016,Gonzales
-13728310.5009392,6179063.09995145,613,15.3636014195,Left,6306,6306(16),2016,North Jubilee
-13728161.5114384,6177443.61441869,614,265.7862629334,Left,3444,3444(16),2016,Gonzales
-13733284.6488604,6177384.6174513,615,262.6960025067,Left,6909,6909(16),2016,Downtown
-13728731.9002663,6179652.07864172,616,0,Left,686,686(16),2016,North Jubilee
-13729244.9369982,6181423.78377299,617,28.78932623,Left,9895,9895(16),2016,Oaklands
-13728258.469254,6177096.1310196,618,0,Left,2545,2545(16),2016,Gonzales
-13728373.6044995,6178132.14857971,619,0,Left,6494,6494(16),2016,South Jubilee
-13732456.9644045,6181371.01095734,620,281.2710843067,Left,6149,6149(16),2016,Hillside/Quadra
-13728822.0042248,6179832.42736129,621,263.106238754,Left,5490,5490(16),2016,North Jubilee
-13729359.023074,6181627.72397062,622,270,Left,12229,12229(16),2016,Oaklands
-13728313.6563258,6178318.31355619,623,270,Left,326,326(16),2016,South Jubilee
-13728374.1067418,6178183.2470384,624,270,Right,277,277(16),2016,South Jubilee
-13733522.401244,6176339.31810362,625,270,Right,30,30(16),2016,James Bay
-13733465.3680192,6176471.90207334,626,270,Left,73,73(16),2016,James Bay
-13729614.3719298,6176104.13745591,627,19.6417043195,Left,148,148(16),2016,Gonzales
-13729449.4425948,6176081.93416185,628,24.8725597864,Right,228,228(16),2016,Gonzales
-13728925.9806658,6175898.94362816,629,270,Right,192,192(16),2016,Gonzales
-13728862.187525,6176006.87228181,630,270,Left,155,155(16),2016,Gonzales
-13732016.156473,6175573.1768849,631,353.1335421311,Left,46,46(16),2016,Fairfield
-13731883.470373,6175482.95083086,632,348.6952154365,Right,35,35(16),2016,Fairfield
-13731846.7977645,6175375.23692444,633,263.159976155,Right,76,76(16),2016,Fairfield
-13731770.2661236,6175488.97597324,634,262.8778453886,Left,107,107(16),2016,Fairfield
-13735107.1242506,6176352.27065236,635,316.6573731387,Left,3132,3132(16),2016,James Bay
-13735080.3091113,6176216.45707174,636,314.4771056918,Right,3011,3011(16),2016,James Bay
-13731015.7809926,6179312.58872553,637,353.5284587343,Right,214,214(16),2016,Fernwood
-13731175.4150379,6179374.19187216,638,0,Left,230,230(16),2016,Fernwood
-13731221.0708445,6180703.35375106,639,54.4339822329,Right,7219,7219(16),2016,Oaklands
-13731359.7401028,6180618.28404605,640,51.1160504056,Left,7102,7102(16),2016,Hillside/Quadra
-13732235.4809219,6180852.4308481,641,9.3453097023,Left,385,385(16),2016,Hillside/Quadra
-13732074.4990365,6180817.93131915,642,11.2234986322,Right,415,415(16),2016,Hillside/Quadra
-13732004.626468,6178063.21412605,643,79.6672385799,Left,3792,3792(16),2016,Harris Green
-13732527.2863276,6177967.83494001,644,350.370669793,Left,9367,9367(16),2016,Downtown
-13732457.2019544,6178285.87124015,645,352.050423439,Left,11122,11122(16),2016,Downtown
-13736330.2128446,6179238.5878656,646,348.9370397672,Left,3022,3022(16),2016,Victoria West
-13736186.2130552,6178989.39171857,647,333.2539413365,Left,7816,7816(16),2016,Victoria West
-13732549.9625852,6177888.22732743,648,352.5161139151,Left,1738,1738(16),2016,Downtown
-13732601.38298,6177613.95069951,649,352.2317265912,Left,1719,1719(16),2016,Fairfield
-13732596.2653433,6177475.1663529,650,350.701153877,Left,869,869(16),2016,Fairfield
-13734624.6453165,6180900.17862188,651,346.9467135267,Left,9764,9764(16),2016,Burnside
-13732972.6633265,6177403.99348104,652,350.2324117798,Left,2371,2371(16),2016,Downtown
-13734227.3328746,6178450.84866692,653,350.8474698381,Left,8508,8508(16),2016,Victoria West
-13733006.5286035,6177343.76007934,654,305.9757338694,Left,1160,1160(16),2016,Downtown
-13734532.1754604,6181554.62888101,655,324.0365136389,Left,9984,9984(16),2016,Burnside
-13731675.9450049,6178009.58886779,656,81.5017862376,Left,9771,9771(16),2016,Harris Green
-13732918.1566785,6176787.85304403,657,316.4705180001,Left,4748,4748(16),2016,Fairfield
-13729145.5344455,6180093.2778909,658,358.3762555654,Left,238,238(16),2016,North Jubilee
-13729001.3588902,6179946.04496793,659,358.2183392254,Right,170,170(16),2016,North Jubilee
-13732281.1140124,6175850.5757838,660,0,Left,723,723(16),2016,Fairfield
-13732159.4712601,6175781.48879455,661,0,Right,1050,1050(16),2016,Fairfield
-13731727.1656422,6180619.82685814,662,10.3109706047,Right,189,189(16),2016,Hillside/Quadra
-13731888.9219531,6180646.4973032,663,10.0139242909,Left,121,121(16),2016,Hillside/Quadra
-13735001.9692866,6179039.2149495,664,50.1294869185,Left,4596,4596 (16),2016,Victoria West
-13733763.0060672,6180785.07647079,665,276.6348900039,Left,805,805(16),2016,Burnside
